apartado,factor,a,b,diferencia,ic_bajo,ic_alto,ganadas,n,separado
A5.1,modo,microsam_lm M1 x P1 x S0,microsam_lm M0 x P1 x S0,0.1813,0.1007,0.2727,16,17,True
A5.1,modo,microsam_lm M4 x P1 x S0,microsam_lm M1 x P1 x S0,-0.0062,-0.0213,0.0079,8,17,False
A5.1,modo,microsam_lm M4 x P1 x S1,microsam_lm M1 x P1 x S1,-0.0316,-0.0637,-0.0051,5,17,True
A5.1,modo,microsam_lm M1 x P2 x S0,microsam_lm M0 x P2 x S0,0.1685,0.0931,0.2546,16,17,True
A5.1,modo,microsam_lm M4 x P2 x S0,microsam_lm M1 x P2 x S0,-0.0065,-0.0245,0.0124,8,17,False
A5.1,modo,microsam_lm M4 x P2 x S1,microsam_lm M1 x P2 x S1,-0.0101,-0.0371,0.0175,7,17,False
A5.1,modo,microsam_lm M1 x P3 x S0,microsam_lm M0 x P3 x S0,0.1775,0.1011,0.2606,16,17,True
A5.1,modo,microsam_lm M4 x P3 x S0,microsam_lm M1 x P3 x S0,-0.0176,-0.054,0.0114,9,17,False
A5.1,modo,microsam_lm M4 x P3 x S1,microsam_lm M1 x P3 x S1,-0.0026,-0.0286,0.0213,7,17,False
A5.1,modo,microsam_lm M1 x P4 x S0,microsam_lm M0 x P4 x S0,0.1617,0.0845,0.2375,14,17,True
A5.1,modo,microsam_lm M4 x P4 x S0,microsam_lm M1 x P4 x S0,0.0025,-0.0249,0.0286,10,17,False
A5.1,modo,microsam_lm M4 x P4 x S1,microsam_lm M1 x P4 x S1,0.0253,0.0013,0.051,12,17,True
A5.1,modo,sam21 M1 x P1 x S0,sam21 M0 x P1 x S0,0.0383,-0.0221,0.1113,10,17,False
A5.1,modo,sam21 M3 x P1 x S0,sam21 M1 x P1 x S0,0.0246,-0.0459,0.1053,10,17,False
A5.1,modo,sam21 M4 x P1 x S0,sam21 M1 x P1 x S0,0.0675,0.0251,0.1162,14,17,True
A5.1,modo,sam21 M4 x P1 x S0,sam21 M3 x P1 x S0,0.0429,-0.0575,0.1462,9,17,False
A5.1,modo,sam21 M4 x P1 x S1,sam21 M1 x P1 x S1,0.0792,0.0184,0.1485,12,17,True
A5.1,modo,sam21 M1 x P2 x S0,sam21 M0 x P2 x S0,0.032,-0.0316,0.1106,7,17,False
A5.1,modo,sam21 M3 x P2 x S0,sam21 M1 x P2 x S0,0.0466,-0.0428,0.1498,12,17,False
A5.1,modo,sam21 M4 x P2 x S0,sam21 M1 x P2 x S0,0.0615,-0.0079,0.1341,12,17,False
A5.1,modo,sam21 M4 x P2 x S0,sam21 M3 x P2 x S0,0.015,-0.0929,0.1198,10,17,False
A5.1,modo,sam21 M4 x P2 x S1,sam21 M1 x P2 x S1,0.0955,0.0381,0.1576,12,17,True
A5.1,modo,sam21 M1 x P3 x S0,sam21 M0 x P3 x S0,0.0268,-0.0387,0.098,8,17,False
A5.1,modo,sam21 M3 x P3 x S0,sam21 M1 x P3 x S0,0.0188,-0.0758,0.1268,11,17,False
A5.1,modo,sam21 M4 x P3 x S0,sam21 M1 x P3 x S0,0.0671,-0.0096,0.1483,14,17,False
A5.1,modo,sam21 M4 x P3 x S0,sam21 M3 x P3 x S0,0.0483,-0.0568,0.1528,11,17,False
A5.1,modo,sam21 M4 x P3 x S1,sam21 M1 x P3 x S1,0.0753,0.0411,0.1122,14,17,True
A5.1,modo,sam21 M1 x P4 x S0,sam21 M0 x P4 x S0,0.0623,-0.0217,0.1568,8,17,False
A5.1,modo,sam21 M3 x P4 x S0,sam21 M1 x P4 x S0,0.0965,-0.0186,0.2093,12,17,False
A5.1,modo,sam21 M4 x P4 x S0,sam21 M1 x P4 x S0,0.1829,0.1199,0.2478,16,17,True
A5.1,modo,sam21 M4 x P4 x S0,sam21 M3 x P4 x S0,0.0864,-0.0244,0.1887,12,17,False
A5.1,modo,sam21 M4 x P4 x S1,sam21 M1 x P4 x S1,0.0337,-0.0031,0.0689,12,17,False
A5.1,modo,sammed2d M1 x P1 x S0,sammed2d M0 x P1 x S0,0.0874,0.0367,0.1362,15,17,True
A5.1,modo,sammed2d M4 x P1 x S0,sammed2d M1 x P1 x S0,-0.2395,-0.287,-0.1892,0,17,True
A5.1,modo,sammed2d M4 x P1 x S1,sammed2d M1 x P1 x S1,-0.2395,-0.287,-0.1892,0,17,True
A5.1,modo,sammed2d M1 x P2 x S0,sammed2d M0 x P2 x S0,0.0824,0.046,0.1192,14,17,True
A5.1,modo,sammed2d M4 x P2 x S0,sammed2d M1 x P2 x S0,-0.2416,-0.2875,-0.1907,1,17,True
A5.1,modo,sammed2d M4 x P2 x S1,sammed2d M1 x P2 x S1,-0.2416,-0.2875,-0.1907,1,17,True
A5.1,modo,sammed2d M1 x P3 x S0,sammed2d M0 x P3 x S0,0.0787,0.0361,0.1183,15,17,True
A5.1,modo,sammed2d M4 x P3 x S0,sammed2d M1 x P3 x S0,-0.2287,-0.2636,-0.1911,0,17,True
A5.1,modo,sammed2d M4 x P3 x S1,sammed2d M1 x P3 x S1,-0.2287,-0.2636,-0.1911,0,17,True
A5.1,modo,sammed2d M1 x P4 x S0,sammed2d M0 x P4 x S0,0.0864,0.0483,0.1223,15,17,True
A5.1,modo,sammed2d M4 x P4 x S0,sammed2d M1 x P4 x S0,-0.2462,-0.2871,-0.2006,0,17,True
A5.1,modo,sammed2d M4 x P4 x S1,sammed2d M1 x P4 x S1,-0.2462,-0.2871,-0.2006,0,17,True
A5.1,modo,tinysam M1 x P1 x S0,tinysam M0 x P1 x S0,0.0886,0.0116,0.1801,12,17,True
A5.1,modo,tinysam M4 x P1 x S0,tinysam M1 x P1 x S0,-0.0035,-0.0356,0.0259,11,17,False
A5.1,modo,tinysam M4 x P1 x S1,tinysam M1 x P1 x S1,0.0056,-0.0346,0.0432,9,17,False
A5.1,modo,tinysam M1 x P2 x S0,tinysam M0 x P2 x S0,0.104,0.0142,0.2045,9,17,True
A5.1,modo,tinysam M4 x P2 x S0,tinysam M1 x P2 x S0,0.0067,-0.0303,0.0405,11,17,False
A5.1,modo,tinysam M4 x P2 x S1,tinysam M1 x P2 x S1,0.0477,-0.0112,0.1064,10,17,False
A5.1,modo,tinysam M1 x P3 x S0,tinysam M0 x P3 x S0,0.0571,-0.0148,0.1521,10,17,False
A5.1,modo,tinysam M4 x P3 x S0,tinysam M1 x P3 x S0,0.059,0.0193,0.1016,15,17,True
A5.1,modo,tinysam M4 x P3 x S1,tinysam M1 x P3 x S1,0.0308,-0.0034,0.0651,12,17,False
A5.1,modo,tinysam M1 x P4 x S0,tinysam M0 x P4 x S0,0.1434,0.0625,0.2372,15,17,True
A5.1,modo,tinysam M4 x P4 x S0,tinysam M1 x P4 x S0,0.0837,0.0536,0.1131,14,17,True
A5.1,modo,tinysam M4 x P4 x S1,tinysam M1 x P4 x S1,0.0854,0.0346,0.1366,13,17,True
A5.5,prompt,microsam_lm M1 x P2,microsam_lm M1 x P1,0.0146,0.0017,0.0298,11,17,True
A5.5,prompt,microsam_lm M1 x P3,microsam_lm M1 x P1,0.0432,0.002,0.084,13,17,True
A5.5,prompt,microsam_lm M1 x P4,microsam_lm M1 x P1,0.104,0.0512,0.1607,14,17,True
A5.5,prompt,sam21 M1 x P2,sam21 M1 x P1,0.007,-0.014,0.0273,10,17,False
A5.5,prompt,sam21 M1 x P3,sam21 M1 x P1,0.0149,-0.0251,0.0588,11,17,False
A5.5,prompt,sam21 M1 x P4,sam21 M1 x P1,0.1062,0.0512,0.167,13,17,True
A5.5,prompt,sammed2d M1 x P2,sammed2d M1 x P1,0.0036,-0.0115,0.019,7,17,False
A5.5,prompt,sammed2d M1 x P3,sammed2d M1 x P1,-0.0189,-0.0443,0.0077,5,17,False
A5.5,prompt,sammed2d M1 x P4,sammed2d M1 x P1,0.0008,-0.0294,0.0325,10,17,False
A5.5,prompt,tinysam M1 x P2,tinysam M1 x P1,0.0135,-0.0027,0.0299,11,17,False
A5.5,prompt,tinysam M1 x P3,tinysam M1 x P1,0.0052,-0.0179,0.0287,8,17,False
A5.5,prompt,tinysam M1 x P4,tinysam M1 x P1,0.1045,0.0575,0.1565,15,17,True
A5.5,selector,microsam_lm M0 x P1 x S1,microsam_lm M0 x P1 x S0,-0.0126,-0.0544,0.0314,4,17,False
A5.5,selector,microsam_lm M0 x P1 x solo puerta,microsam_lm M0 x P1 x S0,0.0,0.0,0.0,0,17,False
A5.5,selector,microsam_lm M0 x P1 x solo ranking,microsam_lm M0 x P1 x S0,-0.0126,-0.0544,0.0314,4,17,False
A5.5,selector,microsam_lm M0 x P2 x S1,microsam_lm M0 x P2 x S0,-0.0704,-0.1185,-0.0254,5,17,True
A5.5,selector,microsam_lm M0 x P2 x solo puerta,microsam_lm M0 x P2 x S0,0.0099,-0.0124,0.0348,4,17,False
A5.5,selector,microsam_lm M0 x P2 x solo ranking,microsam_lm M0 x P2 x S0,-0.0787,-0.1337,-0.0272,5,17,True
A5.5,selector,microsam_lm M0 x P3 x S1,microsam_lm M0 x P3 x S0,0.0131,-0.0108,0.0442,5,17,False
A5.5,selector,microsam_lm M0 x P3 x solo puerta,microsam_lm M0 x P3 x S0,0.0,0.0,0.0,0,17,False
A5.5,selector,microsam_lm M0 x P3 x solo ranking,microsam_lm M0 x P3 x S0,0.0131,-0.0108,0.0442,5,17,False
A5.5,selector,microsam_lm M0 x P4 x S1,microsam_lm M0 x P4 x S0,0.0326,-0.0188,0.0891,7,17,False
A5.5,selector,microsam_lm M0 x P4 x solo puerta,microsam_lm M0 x P4 x S0,0.017,-0.0069,0.0484,3,17,False
A5.5,selector,microsam_lm M0 x P4 x solo ranking,microsam_lm M0 x P4 x S0,0.0304,-0.0126,0.0806,5,17,False
A5.5,selector,microsam_lm M1 x P1 x S1,microsam_lm M1 x P1 x S0,0.0069,-0.0318,0.0447,9,17,False
A5.5,selector,microsam_lm M1 x P1 x solo puerta,microsam_lm M1 x P1 x S0,0.0002,-0.0022,0.0027,1,17,False
A5.5,selector,microsam_lm M1 x P1 x solo ranking,microsam_lm M1 x P1 x S0,0.0073,-0.0323,0.0458,9,17,False
A5.5,selector,microsam_lm M1 x P2 x S1,microsam_lm M1 x P2 x S0,-0.0341,-0.0881,0.0159,8,17,False
A5.5,selector,microsam_lm M1 x P2 x solo puerta,microsam_lm M1 x P2 x S0,0.0075,-0.021,0.0376,4,17,False
A5.5,selector,microsam_lm M1 x P2 x solo ranking,microsam_lm M1 x P2 x S0,-0.0228,-0.0762,0.0237,11,17,False
A5.5,selector,microsam_lm M1 x P3 x S1,microsam_lm M1 x P3 x S0,0.0364,0.0099,0.0656,9,17,True
A5.5,selector,microsam_lm M1 x P3 x solo puerta,microsam_lm M1 x P3 x S0,-0.002,-0.0052,0.0001,1,17,False
A5.5,selector,microsam_lm M1 x P3 x solo ranking,microsam_lm M1 x P3 x S0,0.0407,0.0112,0.0732,9,17,True
A5.5,selector,microsam_lm M1 x P4 x S1,microsam_lm M1 x P4 x S0,0.0835,0.0371,0.1339,12,17,True
A5.5,selector,microsam_lm M1 x P4 x solo puerta,microsam_lm M1 x P4 x S0,0.0274,0.0036,0.054,10,17,True
A5.5,selector,microsam_lm M1 x P4 x solo ranking,microsam_lm M1 x P4 x S0,0.0684,0.0267,0.1089,14,17,True
A5.5,selector,sam21 M0 x P1 x S1,sam21 M0 x P1 x S0,-0.0297,-0.073,0.0103,2,17,False
A5.5,selector,sam21 M0 x P1 x solo puerta,sam21 M0 x P1 x S0,0.0,0.0,0.0,0,17,False
A5.5,selector,sam21 M0 x P1 x solo ranking,sam21 M0 x P1 x S0,-0.0297,-0.073,0.0103,2,17,False
A5.5,selector,sam21 M0 x P2 x S1,sam21 M0 x P2 x S0,-0.0007,-0.0514,0.0471,5,17,False
A5.5,selector,sam21 M0 x P2 x solo puerta,sam21 M0 x P2 x S0,0.0036,-0.0447,0.0491,5,17,False
A5.5,selector,sam21 M0 x P2 x solo ranking,sam21 M0 x P2 x S0,0.0077,-0.0234,0.0428,2,17,False
A5.5,selector,sam21 M0 x P3 x S1,sam21 M0 x P3 x S0,0.0264,-0.0164,0.0869,3,17,False
A5.5,selector,sam21 M0 x P3 x solo puerta,sam21 M0 x P3 x S0,0.0,0.0,0.0,0,17,False
A5.5,selector,sam21 M0 x P3 x solo ranking,sam21 M0 x P3 x S0,0.0264,-0.0164,0.0869,3,17,False
A5.5,selector,sam21 M0 x P4 x S1,sam21 M0 x P4 x S0,0.0369,-0.0097,0.0907,7,17,False
A5.5,selector,sam21 M0 x P4 x solo puerta,sam21 M0 x P4 x S0,0.0195,-0.017,0.057,6,17,False
A5.5,selector,sam21 M0 x P4 x solo ranking,sam21 M0 x P4 x S0,-0.0093,-0.0782,0.0587,2,17,False
A5.5,selector,sam21 M1 x P1 x S1,sam21 M1 x P1 x S0,0.031,-0.004,0.067,10,17,False
A5.5,selector,sam21 M1 x P1 x solo puerta,sam21 M1 x P1 x S0,0.0006,-0.0085,0.0093,6,17,False
A5.5,selector,sam21 M1 x P1 x solo ranking,sam21 M1 x P1 x S0,0.0413,-0.0027,0.089,9,17,False
A5.5,selector,sam21 M1 x P2 x S1,sam21 M1 x P2 x S0,0.0662,0.037,0.0976,15,17,True
A5.5,selector,sam21 M1 x P2 x solo puerta,sam21 M1 x P2 x S0,0.0546,0.0264,0.084,12,17,True
A5.5,selector,sam21 M1 x P2 x solo ranking,sam21 M1 x P2 x S0,0.037,0.0066,0.0704,14,17,True
A5.5,selector,sam21 M1 x P3 x S1,sam21 M1 x P3 x S0,0.0994,0.0367,0.1644,13,17,True
A5.5,selector,sam21 M1 x P3 x solo puerta,sam21 M1 x P3 x S0,-0.0137,-0.0316,-0.0027,0,17,True
A5.5,selector,sam21 M1 x P3 x solo ranking,sam21 M1 x P3 x S0,0.1481,0.0821,0.2195,14,17,True
A5.5,selector,sam21 M1 x P4 x S1,sam21 M1 x P4 x S0,0.148,0.0998,0.1955,17,17,True
A5.5,selector,sam21 M1 x P4 x solo puerta,sam21 M1 x P4 x S0,0.1001,0.0641,0.1385,16,17,True
A5.5,selector,sam21 M1 x P4 x solo ranking,sam21 M1 x P4 x S0,0.1113,0.0529,0.1711,15,17,True
A5.5,selector,tinysam M0 x P1 x S1,tinysam M0 x P1 x S0,-0.0292,-0.0862,0.0271,6,17,False
A5.5,selector,tinysam M0 x P1 x solo puerta,tinysam M0 x P1 x S0,0.0,0.0,0.0,0,17,False
A5.5,selector,tinysam M0 x P1 x solo ranking,tinysam M0 x P1 x S0,-0.0292,-0.0862,0.0271,6,17,False
A5.5,selector,tinysam M0 x P2 x S1,tinysam M0 x P2 x S0,0.011,-0.0696,0.0962,6,17,False
A5.5,selector,tinysam M0 x P2 x solo puerta,tinysam M0 x P2 x S0,0.0396,-0.0176,0.1089,4,17,False
A5.5,selector,tinysam M0 x P2 x solo ranking,tinysam M0 x P2 x S0,-0.0307,-0.0838,0.0193,4,17,False
A5.5,selector,tinysam M0 x P3 x S1,tinysam M0 x P3 x S0,0.0189,-0.0546,0.111,8,17,False
A5.5,selector,tinysam M0 x P3 x solo puerta,tinysam M0 x P3 x S0,0.0,0.0,0.0,0,17,False
A5.5,selector,tinysam M0 x P3 x solo ranking,tinysam M0 x P3 x S0,0.0189,-0.0546,0.111,8,17,False
A5.5,selector,tinysam M0 x P4 x S1,tinysam M0 x P4 x S0,0.0493,-0.0455,0.1621,6,17,False
A5.5,selector,tinysam M0 x P4 x solo puerta,tinysam M0 x P4 x S0,0.0865,0.0104,0.1864,4,17,True
A5.5,selector,tinysam M0 x P4 x solo ranking,tinysam M0 x P4 x S0,0.0245,-0.0745,0.1442,6,17,False
A5.5,selector,tinysam M1 x P1 x S1,tinysam M1 x P1 x S0,0.0214,-0.0155,0.06,8,17,False
A5.5,selector,tinysam M1 x P1 x solo puerta,tinysam M1 x P1 x S0,-0.0076,-0.0259,0.0052,2,17,False
A5.5,selector,tinysam M1 x P1 x solo ranking,tinysam M1 x P1 x S0,0.0357,0.0001,0.0746,11,17,True
A5.5,selector,tinysam M1 x P2 x S1,tinysam M1 x P2 x S0,0.0324,-0.0102,0.0825,12,17,False
A5.5,selector,tinysam M1 x P2 x solo puerta,tinysam M1 x P2 x S0,0.0091,-0.0135,0.0292,10,17,False
A5.5,selector,tinysam M1 x P2 x solo ranking,tinysam M1 x P2 x S0,0.0217,-0.0196,0.07,11,17,False
A5.5,selector,tinysam M1 x P3 x S1,tinysam M1 x P3 x S0,0.0654,0.0156,0.1153,10,17,True
A5.5,selector,tinysam M1 x P3 x solo puerta,tinysam M1 x P3 x S0,-0.009,-0.0222,0.0,0,17,False
A5.5,selector,tinysam M1 x P3 x solo ranking,tinysam M1 x P3 x S0,0.0802,0.0275,0.1327,12,17,True
A5.5,selector,tinysam M1 x P4 x S1,tinysam M1 x P4 x S0,0.0673,0.0233,0.1079,15,17,True
A5.5,selector,tinysam M1 x P4 x solo puerta,tinysam M1 x P4 x S0,0.0591,0.0342,0.0884,14,17,True
A5.5,selector,tinysam M1 x P4 x solo ranking,tinysam M1 x P4 x S0,0.0502,0.0033,0.0945,13,17,True
A5.5,selector sobre el clasico,sato x P1 x S1,sato x P1 x S0,-0.0024,-0.0064,0.0001,1,17,False
A5.5,candidatas sobre el clasico,sato x P1 x una mascara,sato x P1 x S0,-0.1349,-0.1855,-0.0875,1,17,True
A5.5,selector sobre el clasico,sato x P2 x S1,sato x P2 x S0,-0.0015,-0.0046,0.0002,1,17,False
A5.5,candidatas sobre el clasico,sato x P2 x una mascara,sato x P2 x S0,-0.1096,-0.1571,-0.0658,1,17,True
A5.5,selector sobre el clasico,sato x P3 x S1,sato x P3 x S0,0.0313,-0.0097,0.0701,11,17,False
A5.5,candidatas sobre el clasico,sato x P3 x una mascara,sato x P3 x S0,0.0165,-0.0456,0.0796,8,17,False
A5.5,selector sobre el clasico,sato x P4 x S1,sato x P4 x S0,0.0419,0.0169,0.0721,14,17,True
A5.5,candidatas sobre el clasico,sato x P4 x una mascara,sato x P4 x S0,0.0617,0.0091,0.1132,11,17,True
A5.4,clasico contra SAM,otsu_local x P1 x una mascara,microsam_lm M1 x P1,-0.265,-0.3776,-0.1555,2,17,True
A5.4,clasico contra SAM,otsu_local x P2 x una mascara,microsam_lm M1 x P2,-0.2997,-0.4034,-0.2018,1,17,True
A5.4,clasico contra SAM,otsu_local x P3 x una mascara,microsam_lm M1 x P3,-0.1871,-0.3145,-0.0623,4,17,True
A5.4,clasico contra SAM,otsu_local x P4 x una mascara,microsam_lm M1 x P4,-0.2766,-0.3853,-0.166,3,17,True
A5.4,clasico contra SAM,otsu_local x P1 x una mascara,sam21 M1 x P1,-0.1504,-0.202,-0.0941,1,17,True
A5.4,clasico contra SAM,otsu_local x P2 x una mascara,sam21 M1 x P2,-0.1776,-0.2285,-0.1324,0,17,True
A5.4,clasico contra SAM,otsu_local x P3 x una mascara,sam21 M1 x P3,-0.0443,-0.1367,0.0468,5,17,False
A5.4,clasico contra SAM,otsu_local x P4 x una mascara,sam21 M1 x P4,-0.1642,-0.2649,-0.0719,3,17,True
A5.4,clasico contra SAM,otsu_local x P1 x una mascara,sammed2d M1 x P1,-0.2546,-0.3296,-0.1772,1,17,True
A5.4,clasico contra SAM,otsu_local x P2 x una mascara,sammed2d M1 x P2,-0.2782,-0.3361,-0.2204,0,17,True
A5.4,clasico contra SAM,otsu_local x P3 x una mascara,sammed2d M1 x P3,-0.1146,-0.2115,-0.0159,6,17,True
A5.4,clasico contra SAM,otsu_local x P4 x una mascara,sammed2d M1 x P4,-0.163,-0.2491,-0.0743,3,17,True
A5.4,clasico contra SAM,otsu_local x P1 x una mascara,tinysam M1 x P1,-0.1661,-0.2233,-0.1065,1,17,True
A5.4,clasico contra SAM,otsu_local x P2 x una mascara,tinysam M1 x P2,-0.1997,-0.2517,-0.1506,0,17,True
A5.4,clasico contra SAM,otsu_local x P3 x una mascara,tinysam M1 x P3,-0.0502,-0.1313,0.0322,5,17,False
A5.4,clasico contra SAM,otsu_local x P4 x una mascara,tinysam M1 x P4,-0.1782,-0.2559,-0.1025,1,17,True
A5.4,clasico contra SAM,watershed x P1 x una mascara,microsam_lm M1 x P1,-0.2752,-0.375,-0.1814,0,17,True
A5.4,clasico contra SAM,watershed x P2 x una mascara,microsam_lm M1 x P2,-0.2904,-0.3916,-0.1944,0,17,True
A5.4,clasico contra SAM,watershed x P3 x una mascara,microsam_lm M1 x P3,-0.2522,-0.3534,-0.1495,4,17,True
A5.4,clasico contra SAM,watershed x P4 x una mascara,microsam_lm M1 x P4,-0.3129,-0.4062,-0.211,2,17,True
A5.4,clasico contra SAM,watershed x P1 x una mascara,sam21 M1 x P1,-0.1606,-0.2242,-0.1068,1,17,True
A5.4,clasico contra SAM,watershed x P2 x una mascara,sam21 M1 x P2,-0.1682,-0.2401,-0.1119,0,17,True
A5.4,clasico contra SAM,watershed x P3 x una mascara,sam21 M1 x P3,-0.1093,-0.1788,-0.0464,3,17,True
A5.4,clasico contra SAM,watershed x P4 x una mascara,sam21 M1 x P4,-0.2005,-0.2901,-0.1243,0,17,True
A5.4,clasico contra SAM,watershed x P1 x una mascara,sammed2d M1 x P1,-0.2647,-0.3166,-0.2121,0,17,True
A5.4,clasico contra SAM,watershed x P2 x una mascara,sammed2d M1 x P2,-0.2689,-0.3209,-0.2148,0,17,True
A5.4,clasico contra SAM,watershed x P3 x una mascara,sammed2d M1 x P3,-0.1797,-0.2254,-0.1306,1,17,True
A5.4,clasico contra SAM,watershed x P4 x una mascara,sammed2d M1 x P4,-0.1993,-0.2502,-0.1444,1,17,True
A5.4,clasico contra SAM,watershed x P1 x una mascara,tinysam M1 x P1,-0.1762,-0.2484,-0.1138,1,17,True
A5.4,clasico contra SAM,watershed x P2 x una mascara,tinysam M1 x P2,-0.1903,-0.2691,-0.1252,1,17,True
A5.4,clasico contra SAM,watershed x P3 x una mascara,tinysam M1 x P3,-0.1152,-0.1807,-0.0513,3,17,True
A5.4,clasico contra SAM,watershed x P4 x una mascara,tinysam M1 x P4,-0.2145,-0.288,-0.1375,2,17,True
A5.4,clasico contra SAM,sato x P1 x una mascara,microsam_lm M1 x P1,-0.1674,-0.2672,-0.0656,4,17,True
A5.4,clasico contra SAM,sato x P2 x una mascara,microsam_lm M1 x P2,-0.1905,-0.2865,-0.094,2,17,True
A5.4,clasico contra SAM,sato x P3 x una mascara,microsam_lm M1 x P3,0.0344,-0.0826,0.1482,8,17,False
A5.4,clasico contra SAM,sato x P4 x una mascara,microsam_lm M1 x P4,-0.0409,-0.1342,0.0502,7,17,False
A5.4,clasico contra SAM,sato x P1 x una mascara,sam21 M1 x P1,-0.0528,-0.114,0.015,4,17,False
A5.4,clasico contra SAM,sato x P2 x una mascara,sam21 M1 x P2,-0.0683,-0.136,0.0032,4,17,False
A5.4,clasico contra SAM,sato x P3 x una mascara,sam21 M1 x P3,0.1773,0.085,0.2681,12,17,True
A5.4,clasico contra SAM,sato x P4 x una mascara,sam21 M1 x P4,0.0715,-0.0074,0.1508,10,17,False
A5.4,clasico contra SAM,sato x P1 x una mascara,sammed2d M1 x P1,-0.1569,-0.2391,-0.0709,3,17,True
A5.4,clasico contra SAM,sato x P2 x una mascara,sammed2d M1 x P2,-0.169,-0.2456,-0.0886,2,17,True
A5.4,clasico contra SAM,sato x P3 x una mascara,sammed2d M1 x P3,0.1069,-0.0044,0.2164,13,17,False
A5.4,clasico contra SAM,sato x P4 x una mascara,sammed2d M1 x P4,0.0727,-0.0369,0.185,10,17,False
A5.4,clasico contra SAM,sato x P1 x una mascara,tinysam M1 x P1,-0.0684,-0.1341,0.0005,4,17,False
A5.4,clasico contra SAM,sato x P2 x una mascara,tinysam M1 x P2,-0.0904,-0.1492,-0.0288,3,17,True
A5.4,clasico contra SAM,sato x P3 x una mascara,tinysam M1 x P3,0.1713,0.0843,0.2624,14,17,True
A5.4,clasico contra SAM,sato x P4 x una mascara,tinysam M1 x P4,0.0576,-0.0163,0.1373,12,17,False
A5.4,techo contra techo,sato x P3 x una mascara,sam21 M4 x P4 x S0,-0.0969,-0.1614,-0.022,3,17,True
A5.4,techo contra techo,sato x P3 x S1,sam21 M4 x P4 x S0,-0.0821,-0.1309,-0.0371,3,17,True
A5.4,techo contra techo,sato x P3 x una mascara,microsam_lm M4 x P4 x S1,-0.1353,-0.2177,-0.049,3,17,True
A5.4,techo contra techo,sato x P3 x S1,microsam_lm M4 x P4 x S1,-0.1205,-0.1789,-0.0639,4,17,True
A5.1,memoria,sam21 M3 x P1,sam21 M1 x P1,0.0246,-0.0459,0.1053,10,17,False
A5.1,memoria,medsam2 M3 x P1,medsam2 M1 x P1,-0.0056,-0.0586,0.0393,10,17,False
A5.1,memoria contra dominio,aporte de medsam2 en P1,aporte de sam21 en P1,-0.0302,-0.1102,0.0467,8,17,False
A5.1,memoria,sam21 M3 x P2,sam21 M1 x P2,0.0466,-0.0428,0.1498,12,17,False
A5.1,memoria,medsam2 M3 x P2,medsam2 M1 x P2,0.0527,-0.0283,0.136,11,17,False
A5.1,memoria contra dominio,aporte de medsam2 en P2,aporte de sam21 en P2,0.0061,-0.0654,0.0775,9,17,False
A5.1,memoria,sam21 M3 x P3,sam21 M1 x P3,0.0188,-0.0758,0.1268,11,17,False
A5.1,memoria,medsam2 M3 x P3,medsam2 M1 x P3,-0.0115,-0.0793,0.0508,6,17,False
A5.1,memoria contra dominio,aporte de medsam2 en P3,aporte de sam21 en P3,-0.0303,-0.1516,0.0775,4,17,False
A5.1,memoria,sam21 M3 x P4,sam21 M1 x P4,0.0965,-0.0186,0.2093,12,17,False
A5.1,memoria,medsam2 M3 x P4,medsam2 M1 x P4,-0.035,-0.1174,0.0469,6,17,False
A5.1,memoria contra dominio,aporte de medsam2 en P4,aporte de sam21 en P4,-0.1314,-0.2362,-0.049,6,17,True
A5.3,no elegido contra elegido,medsam2 2411 en el cribado,microsam_lm vit_b en el cribado,-0.0677,-0.1464,0.0087,6,17,False
A5.3,no elegido contra elegido,medsam2 2411 en el cribado,sammed2d sam_med2d en el cribado,-0.0573,-0.1448,0.0429,4,17,False
A5.3,no elegido contra elegido,medsam2 2411 en el cribado,tinysam vit_t en el cribado,0.0312,-0.0215,0.095,8,17,False
A5.3,no elegido contra elegido,medsam2 2411 en el cribado,sam21 tiny en el cribado,0.0469,-0.0104,0.1289,10,17,False
A5.3,no elegido contra elegido,microsam_em vit_l en el cribado,microsam_lm vit_b en el cribado,-0.089,-0.1626,-0.0169,3,17,True
A5.3,no elegido contra elegido,microsam_em vit_l en el cribado,sammed2d sam_med2d en el cribado,-0.0785,-0.1366,-0.0106,3,17,True
A5.3,no elegido contra elegido,microsam_em vit_l en el cribado,tinysam vit_t en el cribado,0.01,-0.0432,0.0773,7,17,False
A5.3,no elegido contra elegido,microsam_em vit_l en el cribado,sam21 tiny en el cribado,0.0256,-0.0245,0.0896,7,17,False
A5.3,no elegido contra elegido,efficientsam vitt en el cribado,microsam_lm vit_b en el cribado,-0.0962,-0.1725,-0.0244,6,17,True
A5.3,no elegido contra elegido,efficientsam vitt en el cribado,sammed2d sam_med2d en el cribado,-0.0858,-0.1524,-0.0141,2,17,True
A5.3,no elegido contra elegido,efficientsam vitt en el cribado,tinysam vit_t en el cribado,0.0027,-0.0251,0.0286,10,17,False
A5.3,no elegido contra elegido,efficientsam vitt en el cribado,sam21 tiny en el cribado,0.0184,-0.0221,0.0632,10,17,False
A7,acuerdo humano,a1_a2 (tardio),a1_gt (tardio),-0.1811,-0.2877,-0.0716,2,16,True
A7,acuerdo humano,a1_a2 (tardio),a2_gt (tardio),-0.0931,-0.1497,-0.0261,2,16,True
A7,acuerdo humano,a1_a2 (temprano),a1_gt (temprano),-0.167,-0.2441,-0.097,2,15,True
A7,acuerdo humano,a1_a2 (temprano),a2_gt (temprano),-0.1247,-0.161,-0.0843,1,15,True
A7,modelo como anotador,modelo_a1 (tardio),a1_a2 (tardio),0.0352,-0.1052,0.1728,9,16,False
A7,modelo como anotador,modelo_a2 (tardio),a1_a2 (tardio),-0.1389,-0.2198,-0.0627,5,16,True
A7,modelo como anotador,modelo_a1 (temprano),a1_a2 (temprano),-0.0309,-0.1478,0.0697,7,15,False
A7,modelo como anotador,modelo_a2 (temprano),a1_a2 (temprano),-0.1041,-0.2387,0.0224,7,15,False
